marca,model,pret,capacitate motor,putere,combustibil,caroserie,rulaj,culoare,an fabricatie,cutie viteza,descriere
tesla,Model 3,25 200 €,N/A,497 CP,Electric,Berlina,96 542 km,Albastru,2020,Automata,"Tesla Model 3 Long Range Dual Motor 497 Cp
Baterie de 75 KW,
An fabricatie 09.2020 , 96542 Km - in crestere
Full Self Driving 3
Conectivitate premium
Sistem audio premium
Scaune fata/spate incalzite
Interior foarte bine intretinut.
2 chei(cartele)
Ambele cabluri de incarcare originale
Istoric service Tesla
Garantie baterie si motoare
TVA inclus si deductibil
Mai multe detalii la telefon!"
tesla,Model 3,22 900 €,500 cm³,500 CP,Electric,Coupe,142 000 km,Gri,2020,Automata,"Tesla Model 3 Dual Motor
An 2019 decembrie
4x4
140.000 km
FSD 3
Conectivitatea premium
TVA deductibil
Pret 23200€ cu tva inclus.
Garantie baterie/ motor decembrie 2027 sau 192000 km.
Pilot automat FSD activ (platit ~ 7500€)
Navigare cu Autopilot
Schimbare automata a benzii
Parcare automata
Summon
Smart Sumon
Culoare Interior negru
Carlig tractare
Incarcator priza 220
Accept verificare service autoriza
Pentru mai multe detalii va rog sa ma contactati."
tesla,Model X,60 000 €,N/A,800 CP,Electric,SUV,72 500 km,Gri,2020,Automata,"Se vinde tesla model x- model 2020( raven upgrade) - performance Ludicrous . Ulterior acestui model au scos X Plaid.
Performantele sunt asemanatoare. 800 cai-1140 Nm .0-100 km/h  in doar 2.7 s
Masina se afla in stare exceptionala, toate programarile service fiind efectuate la service Tesla
Garanție a baterie si motoare pana in 2028
Garantia pe 4 ani a expirat anul trecut cand am inlocuit planetarele in baza garantiei
Anul acesta revizie efectuata inclusiv schimb capete de bara
Set roti de vara - 22 inch cu cauciucuri noi( vara 2025)
Set roti de iarna -20 inch
Masina este pe persoana juridica . Se preda atat cu preluare de leasing, 25000 euro cu leasing inca 35000 euro( 1200 euro rata lunara), cat si plata integrala daca nu se doreste preluarea de leasing -60000 euro
Interior alb/ 5 locuri.
Este o masina senzationala din toate punctele de vedere, comfort( suspensie pe perne), surround,  dotarile oferite de tesla cat si trenul de rulare, mers relaxat cat si la pedala grea."
tesla,Model 3,26 000 €,1 000 cm³,325 CP,Electric,Berlina,90 000 km,Alb,2023,N/A,Tesla model 3 anul 2023 stare aproape noua 90.000km  baterie de 60kwh autonomie intre 400-460km accept și variante
tesla,Model 3,23 900 €,N/A,490 CP,Electric,Berlina,90 658 km,N/A,2019,Automata,"Tesla Model 3 Dual Motor – Long Range AWD  | Autopilot | Premium
Mașina este înmatriculată în România.
An fabricație: 06.2019
Kilometraj: 90.658 km  / sanatatea bateriei este de 91.7 %
VIN: 5YJ3E7EB9KF262606
Țara proveniență: Olanda
Computer Autopilot: Full Self-Driving Computer 3
Autopilot: Activat
Conectivitate: Premium activă
Sistem audio: Premium
Raport CarVertical: Curat (fără daune ascunse)
Include set de cauciucuri de iarnă Hankook (an fabricație 2023)
Preț: 24.300 Euro (TVA inclus/deductibil)
2 chei/carduri
2 cabluri de încărcare (Type 2 + CCS)
Garanție baterie și motoare valabilă până în 06.2027 / 192.000 km
Mașina se prezintă într-o stare foarte bună, atât estetic cât și tehnic, fara arusuri sau zgarieturi pe tapiteria din piele.
A fost adusă personal din Olanda și a fost întreținută cu atenție."
tesla,Model 3,20 300 €,N/A,325 CP,Electric,Berlina,220 000 km,Alb,2023,Automata,"Dotări principale:
• Baterie 60kv - range 400km cu 100% baterie
• Sănătate baterie 93%
• Procesor AMD,model facelift(se mișcă de 20 ori mai repede ca intel.)
• Pompa de caldura(este modelul facelift nu confundați cu mașinile 2020)
• Portbagaj electric
• Incarcare wireless telefon
• Conectivitate Premium activă – gratuit
• Încălzire scaune față+ spate
• Geamuri duble , îmbunătățită semnificativ față de modelul sub 2021
• Faruri full led Matrix decupeaza pe faza lunga
• Sentry Mod
• Mașina nu necesită nicio investiție
Prețul este usor negociabil"
tesla,Model Y,Schimb,N/A,300 CP,Electric,SUV,31 500 km,Negru,2024,Automata,"Tesla y SR
19/05/2024
30500km in urcare se circula zilnic
Folie PPF bara fata capota faruri
Jante iarna suplimentar
Accept unele schimburiO767o67388
Încărcată 95/ acasă pfv
34000€. La variante preț dif"
tesla,Model 3,17 200 €,N/A,325 CP,Electric,Berlina,133 000 km,Albastru,2019,Automata,"Tesla Model 3 Standard Range Plus (RWD) – model 2020, culoare Deep Blue Metallic, în stare excelentă, atât tehnic cât și estetic.
133.000 km.
ITP valabil pana in noiembrie 2027
Am raport Carvertical
Motorizare 100% electrică - 325 CP
Baterie 55 kWh, autonomie reală - 320 km
Tracțiune spate, accelerație 0-100 km/h în 5,4 s
Încărcare AC (acasă, Type 2): până la 11 kW
Încărcare DC (Supercharger): până la 170 kW (CCS)
Garanție baterie + motor până la decembrie 2027
Autopilot / Self Driving Computer 3
Faruri Full LED + lumini de zi LED
Camere HD 360° + Mod Sentry (înregistrare video in parcare)
Scaune din piele, reglabile electric și încălzite (față + spate)
Volan din piele reglabil electric, cu comenzi
Plafon panoramic
Climatronic bi-zonă, senzori ploaie și lumină, Auto-Hold
Sistem audio Premium + Spotify / Netflix / YouTube / internet
Keyless Entry / Go
Geamuri fumurii omologate RAR + folie certificată
Oglinzi rabatabile, încălzite, heliomate
Jante aliaj 18”
Parasolar special pentru Model 3 Cadou
Încărcare & accesorii:
Cablu original Tesla 220V (încărcare lentă acasă)
Cablu Type 2 pentru stații publice sau wallbox casnic
Anvelope:
Set vară Michelin – ca noi
Set iarnă Pirelli – oferite cadou, stare foarte bună
Mașina este înmatriculată, pregătită de drum.
Prezintă doar urme minore de uzură, normale pentru rulaj.
Nu fac schimburi.
Mai multe detalii la telefon."
tesla,Model 3,27 000 €,1 000 cm³,500 CP,Electric,Coupe,127 000 km,Rosu,2022,Automata,"TESLA MODEL 3 Long Range 4x4
Facelift cu pompa de caldura
Interior Alb Premium
Culoare ultra Red
Haion actionat electric cu buton
TVA INCLUS si nedeductibil
Faricatie 2021 luna 12
GARANTIE TESLA PANA LA 192000KM SAU 2029
Adusa recent in Romania
- Auto Pilot
- SISTEM AUDIO PROFESIONAL
- CAMERA PARBRIZ ASSIST
- VOLAN REGLABIL ELECTRIC
- Scaune față/spate încălzite
- Navigație
- KEY LESS ENTRY AND GO
- Carlig remorcare
- LANNE ASSIST- TINE BANDA
- SIGHN ASSIST - Citeste indicatoarele rutiere
- LIGHT ASSIST - Camera Care Schimba Faza Lunga Automat
- Faruri led metrix
- PARK ASSIST* PDC FATA/SPATE Optical Display 360*.
-PARCARE ASISTATA LATERAL,CU SPATELE,OBLIC,ASISTARE PIETONI,CAMERE LATERALE STALPI SI ARIPI Pentru DEPASIRE
-Volan Sport Piele Multifunctional,ELECTRIC
-Oglinzi Incalzite-Electrice-Heliomate,
-Pliabile electric
-Geamuri Electrice
-Senzori presiune roti
-2 CARTELE
-2 CABLURI ÎNCĂRCARE
Mai multe detalii la telefon."
tesla,Model 3,23 499 €,N/A,441 CP,Electric,Berlina,119 000 km,Rosu,2018,Automata,"Detalii mașină:
•	An fabricație: 12/2018
•	Kilometraj: 119.000 km
•	Versiune: Long Range Dual Motor – 4x4
•	Putere: 441 CP
•	Accelerație: 0–100 km/h — 4,4 secunde
•	Culoare: Roșu (premium)
•	Unic proprietar – mașină importată și întreținută cu atenție
•	Serie VIN: 5YJ3E1EB0JF119927
Dotări & Extra-opțiuni:
•	Funcția Summon – poți controla și deplasa mașina direct din aplicația Tesla, inclusiv pentru chemare automată.
•	Conectivitate premium pe viață – muzică, internet, actualizări, navigație avansată.
•	Video in Motion – acces la YouTube, Netflix, Prime Video și alte aplicații chiar și în mers.
•	Precondiționare baterie inteligentă – încălzire fără a seta un Supercharger în navigație.
•	Folie spate + lunetă omologată RAR
Motivul vanzarii: Mașina este în posesia mea de un an și se vinde doar pentru că am în plan achiziția unui model mai nou.
Pentru detalii suplimentare sau informații adiționale, vă rog să mă contactați.
Nu fac schimburi!"
tesla,Model S,23 700 €,N/A,340 CP,Electric,Berlina,278 000 km,Negru,2018,Automata,"Pilot automat pentru autostrazi.
Netflix !
Incarcator monofazat + trifazat (ideal acasa folosit ca si statie de incarcare )
An fabricație 2018, adusa din Olanda acum, cu 278.000 km reali.
Mașina este în stare de funcționare foarte bună, fără defecte tehnice sau mecanice, cu urme normale de utilizare pentru vârsta ei.
Avantaje importante:
AWD – tracțiune integrală Dual Motor
Garanție Tesla activă pentru baterie și motoare până în 2026. ultimele luni FARA LIMITA DE KM!
TVA deductibil
Date tehnice și dotări:
Model: Tesla Model S 75D (Dual Motor)
An fabricație: 2018
Putere: ~333 CP
Autonomie reală: ~370 km (WLTP ~490 km)
Accelerație 0-100 km/h: 4,4 secunde
Transmisie: Automată (1 treaptă)
Tracțiune: Integrală (AWD)
Culoare: Negru metalizat
Jante: 19"" originale Tesla
Interior: Negru, scaune premium Tesla încălzite
Sistem infotainment: Ecran mare 17” cu navigație premium și actualizări OTA
Pilot automat: Autopilot îmbunătățit
Conectivitate Premium
Alte dotări: Cameră marșarier, senzori parcare față-spate, trapă panoramică, conectivitate internet, Spotify integrat, sistem audio premium
Cablu Type 2 inclus
Stare:
Fără probleme tehnice sau mecanice
Întreținere regulată (istoric disponibil)
Baterie și motoare în parametri optimi"
tesla,Model X,26 700 €,N/A,525 CP,Electric,SUV,205 000 km,Albastru,2019,Automata,"Proprietar, persoană fizică
Tesla Model X 75D
Garanție în reprezentanta pe motoare și baterie până pe 30.12.2026 fără limită de km .
Mașina se află în București.
An fabricație: 30.12.2018
Putere dezvoltata : 525 CP
Capacitate cilindrică: 0
Transmisie: Automata
Caroserie: SUV
Combustibil: Electric
Culoare: Albastru
Tapițerie: Piele
Numărul de uși: 4
Serie sasiu: 5YJXCCE24KF217962
Norma poluare : Euro 6
Tractiune: 4x4
Dotari :
*** Volan multifunctional imbracat in piele și încălzit
*** Ștergătoare încălzite
*** Asistența de pornire la deplasare (HAC)
*** Programul de stabilitate electronică (ESP)
*** Managementul stabilității dinamice a conducerii(VSM)
*** Asistența la coborâre (controlul frânării în coborâre DBC)
*** Infotainment: Radio / USB / AUX / Bluetooth / Navi
*** Asistent de frânare
*** Lumină statică de viraj
*** Indicator temperatura exterioara
*** Tapiserie piele
*** Banchete spate reglabile individual și încălzite
*** Sistemul de control al presiunii în anvelope (TPMS)
*** Geamuri cu protectie solara
*** Auto hold
*** Senzori lumini
*** Senzori ploaie
*** Senzori de parcare fata / spate / laterali
*** Oglinda retrovizoare interioara electrocromatica
*** Oglinzi retrovizoare cu reglaj electric degivrante / electrocromatice / rabatabile electric
*** Cotiera centrala fata culisanta, reglabila si cu spatiu depozitare
*** Servotronic - adaptarea servodirecției in functie de viteza
*** Sistem isofix
*** Daylight LED
*** Scaune fata incalzite
*** Pilot automat adaptiv
*** Camera video mers inapoi + 360grade
*** Suspensie pneumatica
*** Faruri LED
*** Scaune fata cu reglaj electric
*** Computer autopilot full self-driving 3
*** Conectivitate premium"
tesla,Model S,38 400 €,N/A,573 CP,Electric,Berlina,77 000 km,Alb,2020,Automata,"Tesla Model S Long Range Plus 2020
Pret NET 31.700 Euro + TVA, posibilitate finantare
Putere 573 CP 77.000 km reali
Autopilot Tesla cu functii de condus autonom
Suspensie pneumatica reglabila (4 trepte: 13, 14, 16, 17 cm)
Baterie de 103.5 kwh autonomie WLTP 647km
Garantie baterie si motoare Oct 2028.
Scaune fata si spate incalzite si reglabile electric
Portbagaj spate 745 litri cu deschidere/inchidere electrica
Masina nu a avut nici o dauna.
Raport CarVertical la cerere.
Nu ma intereseaza variante."
tesla,Model S,19 990 €,N/A,420 CP,Electric,Berlina,149 500 km,Gri,2014,Automata,"Incarcare gratuita pe viata!
Tesla Model S P85 Performance – 420 CP – 7 Locuri
Eleganță, tehnologie și performanță într-un singur pachet!
Dacă îți dorești o mașină electrică puternică, cu un design modern, autonomie generoasă și dotări premium, această Tesla Model S P85 Performance este alegerea perfectă. Cu 420 CP, o autonomie reală de 435 km și o suspensie pneumatică adaptivă, oferă o experiență de condus incredibil de confortabilă și dinamică.
Mașina este în stare perfectă, atât estetic, cât și funcțional, cu un singur proprietar în România și o baterie cu 86% capacitate. Beneficiază de dotări premium, un interior rafinat și cele mai noi tehnologii de siguranță și conectivitate.
Specificații tehnice:
Motorizare: Electric – 420 CP
Kilometraj: 149.500 km
Tracțiune: Spate (RWD)
Transmisie: Automată
Capacitate baterie: 85 kWh
Autonomie : 435 km
Încărcare:
* Incarcare super rapida CCS2 - incarca 400 km / h
* Incarcare type 2 - incarca 130 km / h
* Incarcare la priza 220v
• Cablu 220V pentru prize normale
• Cablu 380V pentru stații rapide
Suspensie: Pneumatică adaptivă și reglabilă pentru un confort excelent
Dotări exterioare și siguranță:
Faruri Bi-Xenon adaptive, Daylight LED & proiectoare ceață
Cornering Lights – iluminare suplimentară în viraje
Senzori parcare față + spate & cameră marșarier
Privacy Glass – geamuri fumurii pentru intimitate și protecție UV
Senzori de ploaie și lumină – activare automată a ștergătoarelor și farurilor
Jante pe 19” cu anvelope Michelin
Interior premium & confort:
Tapiserie piele + Alcantara – lux și rafinament
Scaune față + spate încălzite & reglabile electric
Suport lombar electric pentru șofer & pasager
Plafon panoramic – lumină naturală și senzație de spațiu deschis
Climatronic pe 2 zone
Tehnologie & infotainment:
Display 17” touchscreen (limba română)
Navigație prin satelit, Apple CarPlay & Android Auto
Conexiune internet & sistem audio profesional
Port USB pentru încărcare și conectivitate
Funcții smart & siguranță:
2 chei digitale & Keyless entry / go
Încălzire auxiliară & parbriz încălzit
Lumini ambientale pentru un interior elegant
Stare & disponibilitate:
Mașină în stare perfectă, atât estetic, cât și funcțional
Unic proprietar în România
Întreținută corespunzător, fără probleme tehnice
Accept unele variante
Preț: Ușor negociabil
Locație: Falticeni
Pregătită pentru orice drum! Dacă ești interesat, contactează-mă pentru detalii sau vizionare!"
tesla,Model S,23 900 €,N/A,333 CP,Electric,Berlina,172 388 km,Negru,2018,Automata,"De vânzare Tesla Model S 75D AWD, an fabricație 2018, înmatriculată în România, cu 170.000 km reali.
Mașina este în stare de funcționare foarte bună, fără defecte tehnice sau mecanice, cu urme normale de utilizare pentru vârsta ei.
Avantaje importante:
AWD – tracțiune integrală Dual Motor
Garanție Tesla activă pentru baterie și motoare până în 2026
TVA deductibil
Date tehnice și dotări:
Model: Tesla Model S 75D (Dual Motor)
An fabricație: 2018
Kilometraj: 170.000 km
Putere: ~333 CP
Autonomie reală: ~370 km (WLTP ~490 km)
Accelerație 0-100 km/h: 4,4 secunde
Transmisie: Automată (1 treaptă)
Tracțiune: Integrală (AWD)
Culoare: Negru metalizat
Jante: 19"" originale Tesla
Interior: Negru, scaune premium Tesla încălzite
Sistem infotainment: Ecran mare 17” cu navigație premium și actualizări OTA
Pilot automat: Autopilot îmbunătățit
Conectivitate Premium
Alte dotări: Cameră marșarier, senzori parcare față-spate, trapă panoramică, conectivitate internet, Spotify integrat, sistem audio premium
Cablu Type 2 inclus
Stare:
Fără probleme tehnice sau mecanice
Întreținere regulată (istoric disponibil)
Baterie și motoare în parametri optimi
Mașina este pregătită pentru noul proprietar, fără investiții necesare.
Accept schimburi cu SUV mai nou."
tesla,Model Y,40 997 €,N/A,N/A,N/A,Hatchback,46 617 km,Negru,2023,N/A,"Tesla Model Y Long Range 2023 – Interior alb – Inmatriculat in RO
Dotări principale:
•	Tracțiune integrală Dual Motor
•	Autonomie ~533 km (WLTP)
•	Interior alb premium (piele ecologică)
•	Accelerație 0-100 km/h în 5.0 secunde
•	Ecran tactil central 15”
•	Autopilot activ
•	Cameră spate + camere laterale + senzori 360°
•	Acoperiș panoramic din sticlă
•	Încălzire în scaune față/spate și volan încălzit
•	Aer condiționat automat bi-zonă
•	Sistem audio premium
•	Portbagaj electric + portbagaj frontal (frunk)
•	Încărcare rapidă Supercharger
•	Actualizări software prin internet (OTA)
Dotari extra:
- Folie uv pe toate suprafetele de sticla
- Elemente de fibra de carbon reale
- Folie ppf pe toata caroseria + faruri
- Volan tip yoke realizat pe comanda
- Covorase pentru iarna, protectie portbagaj impotriva mizeriei.
- 2 x display hansshow
- Kit stopuri hansshow
- Praguri luminate cu logo tesla, toate 4
In total s-au investit 11400 euro în dotari extra.
Se ofera factura! TVA DEDUCTIBIL.
Mașina este în stare excelentă, întreținută, gata de drum.
Ideală pentru oraș și drumuri lungi.
Masina a fost folosita ocazional.
Masina se afla intr o stare excelenta, ideal pentru pretentiosi."
tesla,Model Y,25 300 €,N/A,534 CP,Electric,SUV,180 000 km,N/A,2022,Automata,"avariata spate dreapta !
Tesla Model Y Performance 534 cp
fabricație 2022
km 180 mii
garanție valabila 2030
nr roșii 3 luni
dotări opționale. .  .
Încălzire în scaune fata /spate /volan
Autopilot avansat .
Summon
jante 21 (anvelope vara noi )
masina este prefect funcționala
fără erori din cauza accidentului
masina este avariata spate dreapta
piese înlocuite (haion,armatura bara,stop aripa , prinderea portbagaj )
restul pieselor necesita îndreptate și  vopsite (haion aripa bara )
locație Bacău /cleja
PREȚ 25300 euro
tele 07******96"
tesla,Model 3,19 900 €,500 cm³,500 CP,Electric,Coupe,149 000 km,Negru,2019,Automata,"TESLA MODEL 3 Long Range 4x4
Pret FIX
FSD 3
Pilot Avansat Activ
Summon (parcheaza singura)
Posibilitate Leasing/Rate
Faricatie 28.12.2019
GARANTIE TESLA PANA LA 192000KM SAU 2027 decembrie
Adusa recent in Romania
-Auto Pilot
-SISTEM AUDIO PROFESIONAL
-CAMERA PARBRIZ ASSIST
-FUNCTIE FRANARE REGENERATIVA
-FUNCTIE DEMARAJ CU PATINARE PT ZAPADA
-VOLAN REGLABIL ELECTRIC
-Scaune față/spate încălzite
-Navigație 3D in timp real
-KEY LESS ENTRY AND GO
-Auto pilot.
-LANNE ASSIST- TINE BANDA
-SIGHN ASSIST - Citeste indicatoarele rutiere
-LIGHT ASSIST - Camera Care Schimba Faza Lunga Automat
-Faruri led.
-PARK ASSIST* PDC FATA/SPATE Optical Display 360*.
-PARCARE ASISTATA LATERAL,CU SPATELE,OBLIC,ASISTARE PIETONI,CAMERE LATERALE STALPI SI ARIPI Pentru DEPASIRE
-Volan Sport Piele Multifunctional,ELECTRIC
-Oglinzi Incalzite-Electrice-Heliomate,
-Pliabile electric
-Geamuri Electrice
-Senzori presiune roti
-2 CARTELE
-2 CABLURI ÎNCĂRCARE
Mai multe detalii la telefon."
tesla,Model 3,15 800 €,N/A,450 CP,Electric,Berlina,410 000 km,Gri,2019,Automata,"Tesla model 3 - 4x4 -Long Range -  dual motor 450 cp
Model deosebit.
Masina este fara defect, impecabila din toate punctele de vedere, estetic, articulații,  motor, etc
Proprietar
Update la zi
Baterie long range - 77 kw
Autonomie 100%  - 380 km
Autonomie 80% - 300 km
Sanatatea ei este peste 82%, din long range de 77 kw, mai mult decat o baterie noua de 60kw.
Încărcată doar la priza casei de 220 v
Senzori parcare ultrasonici
Conectivitate Premium, Auto Pilot adaptiv
Accelerație: 0-100 km/h în aprox 4 secunde.
Culoare: Midnight Silver Metallic
Interior: Negru
Sonorizare: Premium
Autopilot - Full Self Driving 3
Portbagaj fata si spate actionat electric (deschidere automata)
Camere video pentru marsarier, senzori de parcare fata/spate, camere 360°
Scaune incalzite (toate locurile),
Climatizare automata pe doua zone
Programare: caldura/ac
Keyless entry si pornire automata
Multiple sisteme de siguranta activa si pasiva
Multiple dotari
Etc
Se vinde DOAR cu perfectarea actelor"
tesla,Model X,31 900 €,N/A,N/A,Electric,Hatchback,110 000 km,Gri,2017,Automata,"Vand Tesla Model x 90 D,
Free Supercharger SC01( incarcare gratis pe viata, chiar daca masina isi schimba proprietarul.
Free spotify
Free internet( premium pachet)
Winter pachet( incalzire in toate cele 6 scaune, incalzire in chedere usi si stergatoare.
Dublu climatronic( separat pentri pasageri spate)
Stare exceptionala, tinuta in garaj.
2 seturi de roti iarnn 19 vara 20.
Interior foarte ingrijita, exterior absolut fara defecte.
Nerulat in tara.
Model capabil full self driving( camere laterale si in stalp)
Bateria de 90kw, autonomie marita, 350 km cu o incarcare.nu conteaza de cate ori incarci masina, sau daca o vinzi, incarcarea la superchargere este gratis pe toata viata masinii."
tesla,Model 3,26 500 €,N/A,N/A,Electric,Berlina,40 000 km,Gri,2021,Automata,"Tesla Model 3 - 2021 (import FR)
Long Range
All-Wheel Drive
44 de mii de km
SOH 95%
Detalii si garantie in poze
Pret afisat fara TVA
Pret cu TVA deductibil - 32.000 EURO
Rog contact si intrebari serioase via mesagerie OLX in prima faza.
Nu fac schimburi. Deloc."
tesla,Model X,39 750 €,N/A,530 CP,Electric,Monovolum,165 000 km,Negru,2018,Automata,"Model X P100D, proprietar, 530 CP, dual, stare excepțională. Schimb cu model S dual dupa 2022."
tesla,Model S,21 500 €,N/A,400 CP,Electric,Berlina,247 300 km,Negru,2017,Automata,"Tesla model s 75 fabricatie 10/2017
Autonomie 420 km
Stare sanatate baterie 91%
Superîncărcare rapidă,incarca cu pina la 120kw/ora la toate statiile fastcharge. în 30 de minute se încarcă de la 20% la 80%
Sunt proprietar de 2 ani iar masina a fost incarcata in proportie de 95% doar cu incarcatorul de priza original de 3kw.Am incarcato la fastcharge doar cind am fost plecat din oras si in concediu la statiile tesla.De aici rezulta si starea foarte buna a bateriei.
Autopilot imbunatatit:accelereaza/franeaza singur,pastreaza si schimba banda de mers ,recunoaste pietonii si obstacole din trafic
Pachet conectivitate premium (Spotify si Internet 4G gratuit pe toată durata de viață a mașinii)
Plafon panoramic din sticla heliomata
Parbriz si luneta heliomate
Suspensie pneumatica/adaptivă, se poate ridica garda la sol până la 17 cm
Camere 360' cu mod sentry
Scaune fata electrice si incalzite
Plafon cu piele alcantara
Navigatie Google Maps
Lumini ambientale interior
Lumini exterioare in usi si manere
Parcheaza singura
Smart Summon(poti muta masina din telefon)
Automatic Emergency Braking
Forward Collision Warning
Side Collision Warning
Asistenta unghi mort
Tapiterie piele
Volan reglabil electric
Faruri full led
Portbagaj cu actionare electrica
2 chei
Anvelope noi allseasons
Maina este perfect functionala ,Nu are mesaje de eroare in bord,Nu are zgomote ciudate la articulatie
Se accepta orice verificare si test posibil inclusiv la reprezentanta tesla
Pretul este usor negociabil
Schimb doar cu tesla model x.Ofer diferenta in limita bunului simt"
tesla,Model 3,32 000 €,N/A,540 CP,Electric,Berlina,46 000 km,Alb,2022,Automata,"Vând Tesla Model 3 Long Range, achiziționată nouă de la Tesla București în 2022, unic proprietar. Mașina este în stare excelentă, are doar 46.000 km, baterie mare de 82 kWh și tracțiune integrală, oferind o autonomie reală de peste 500 km.
- Procesor Ryzen – sistem multimedia rapid și fluid
- Pompa de căldură – eficiență excelentă și confort termic sporit
- Senzori ultrasonici (USS)
- Interior alb premium – elegant, luminos și ușor de întreținut
- Autopilot, actualizări software OTA, Supercharger până la 250 kW
- Scaune încălzite față-spate, sistem audio premium cu 15 difuzoare, care include subwoofere duble și amplificatoare duble
- Garanție baterie și unitate de propulsie până în 2030 sau 192.000 km
Mașina este fără accidente, nefumător, îngrijită cu atenție. Se oferă istoric complet service Tesla."
tesla,Model 3,21 400 €,500 cm³,520 CP,Electric,Berlina,175 000 km,Gri,2019,Automata,"Inmatriculata recent, 2 cartele, cauciucuri noi vara jante 20, cauciucuri iarna și jante 18, fara accidente ( carvertical curat ), se vinde pentru a achizitiona modelul Y.
Baterie Panasonic NCA (Nickel-Cobalt-Aluminium), produsă în Japonia. Una din cele mai bune baterii montate pe Tesla.
2 cabluri incarcare, domestic 220 si statie.
Din calculele mele SOH este la 87%
Detalii principale:
•	Model: Tesla Model 3 Performance (Dual Motor AWD)
•	An fabricație: 2019
•	Culoare: Midnight Silver Metallic (PMNG)
•	Interior: Premium All Black cu inserții Carbon
•	Putere: ≈520 CP
•	Accelerație 0–100 km/h: 3,1 secunde
•	Tracțiune: Integrală (All-Wheel Drive Performance)
•	Autonomie reală: ≈430 km
•	Garanție Tesla valabilă până în 2027 (baterie + motoare)
•	Moduri de condus: Track Mode + Drift Mode activ
Dotări & pachet Performance:
•	Jante 20” Performance
•	Frâne Performance Brakes
•	Pedale din aluminiu Performance
•	Interior și spoiler Carbon autentic
•	Suspensie sport Performance
•	Autopilot activ
•	Sistem audio Premium Tesla – 13 difuzoare, 1 subwoofer, amplificator dedicat, surround 360°, reglaje individuale de balans și bas, oferind o experiență audio comparabilă cu Bang & Olufsen
•	Cameră 360° + Sentry Mode
•	Moduri Sport / Drift / Track pentru condus dinamic
Stare & istoric:
•   2 cartele
•   inmatriculata RO
•	Import Olanda, unic proprietar acolo
•	Cauciucuri noi montate recent
•	170 000 km reali
•	Fără accidente, istoric complet Tesla
•	Toate update-urile software la zi
•	Se poate verifica în aplicația Tesla sau cu TeslaMate"
tesla,Model 3,18 000 €,500 cm³,500 CP,Electric,Berlina,140 000 km,Alb,2019,Automata,"Tesla model 3 long range 77kw
Autonomie 450-500 km reali
Full self driving
2019
140.000 km garanție motor și baterie 2028
Mașina a fost încărcată la slow charger
Nici un defect ascuns
Fără accident
Propietar România
Preț 18.000 fix"
tesla,Model 3,18 500 €,N/A,470 CP,Electric,Berlina,148 000 km,Gri,2020,Automata,"Tesla model 3,mai multe culori toate sunt long range baterie 75 kw 4x4 cu 148000 mii km
Fara accidente cu mici zgarieturi in rest ok.
garantie 192000 la baterie si motoare,din sunt 2020.
Nu fac schimburi.
2. longe range cu 145000 km la 18500 cu RAR facut,culoare gri din 2020
3. longe range cu 166000 cu RAR facut la 18000 culoare gri din 2020
4.  longe range cu 145000 km 18800 culoare rosu din 2020
Cu factura tva inclus nedeductibil."
tesla,Model X,33 000 €,1 111 cm³,525 CP,Electric,SUV,115 000 km,Albastru,2018,Automata,"Posibilitate de vanzare in rate ptin TBI credit
Tesla Model X  Roof 100 kWh Dual Motor, Six Seat, Autopilot, INBPP
100 D Long Range
An fabricatie 2018
KM  115000
Garantie :
- Driver Unit Warranty : sep 26, 2026 sau km nelimitati
- Battery Warranty :  sep 26, 2026 sau km nelimitati
Echipament :
Jante 20""
Black premium interior
Culoare Deep Blue Metalic PPSB
Pachet remorcare
9 difuzoare
Airbag lateral șofer/pasager
Sistem de frânare antiblocare (ABS)
Tip de tracțiune: tracțiune pe patru roți
Oglinzi exterioare electrice Incalzit si pliabil
Airbag pelvin frontal
Etriere roșii de frână
Garnitură Alcantara neagră
Ajutor de parcare față și spate
Motor electric 2x 193 kw
Electron. Program de stabilitate (ESP)
Sistem de asistență la conducere: Conducere autonomă
Sistem de asistență la conducere: Autopilot 2.5
Sistem de asistență la conducere: avertizare la părăsirea benzii
Geam regulator electric față și spate (cu protecție anti-ciupire și comutator de confort)
Ușile din spate (Falcon Wing)
Sistem hands-free Bluetooth
Transmisie pentru vehicul electric
Deschidere electrica hayonului
LED-uri lumini spate
Suporturi Isofix pentru scaunele pentru copii pe bancheta din spate
Caroseria: 5 usi
Climatizare automată pe 2 zone cu automată Controlul recircularei
Sistem airbag frontal pentru cap
Volan (piele)
Volan cu multifunctional
Jante LM
Suspensie pneumatică Smart Air
Functie de memorie pentru scaune si oglinzi exterioare fata
Sistem de navigație cu afișare a hărții
Parbriz panoramic
senzor de ploaie
Sistem de monitorizare a presiunii în anvelope
Cameră de vedere spate HD
LED faruri
Acces la ușă fără cheie
Dispozitiv de încărcare rapidă Supercharger
Airbag lateral frontal
Scaune: 6 locuri
scaune incalzite in fata
Lumini de zi cu LED
Cruise control
Ecran tactil (17'')
Mânere exterioare uși cu iluminare LED
Wi-Fi la bord
PREŢ:  33000€
INFO:  07******95"
tesla,Model S,23 000 €,N/A,525 CP,Electric,Berlina,133 100 km,Gri,2018,Automata,"23.000 euro (negociabil)
+ TVA deductibil
Tesla Model S 75D - Dual motor  TVA deductibil - Primul proprietar RO (din Septembrie 2023)
Masina este Import Olanda unde a avut 1 singur propietar, 125.000 km la cumparare
Detalii generale
Marca: Tesla
Model: Model S 75D
Tractiune: Integrala (AWD)
Putere: 525 CP
Baterie: 75 KW
Baterie 12V noua, inlocuita, in septembrie 2025, la Tesla Cluj
Dotari importante
Suspensie pneumatica reglabila (4 trepte: 13, 14, 16, 17 cm)
Autopilot Tesla cu functii de condus autonom , varianta Enhanced.
Trapa electrica panoramica
Scaune fata incalzite si reglabile electric
Coloana directie reglabila electric pe 3 directii
Memorie pozitii (profil sofer complet: scaun, volan, fermitate directie etc)
Portbagaj spate imens de 744 litri cu deschidere/inchidere electrica
Camera marsarier + camere 360
Senzori Parcare Fata si Spate
Mod Sentry (detectie si filmare in jurul masinii + alerte pe telefon)
Keyless entry - Acces si pornire cu telefonul sau PIN
Oglinzi electrice cu pliere automata si coborare automata la marsarier
Geamuri electrice fata/spate
Faruri LED automate cu faza lunga automata
Blind Spot Warning
Mod Valet (iese singura din parcare)
Lumini ambientale interioare
Culoare : Gri Metalizat (PMSS)
Stare tehnica si echipare
Interior in stare impecabila,  Tapiterie mixta textil si piele, Decor: Dark Ash Wood
Incarcata exclusiv pana la 80%, ocazional 90% pentru drumuri lungi
Anvelope vara Michelin noi
Pret: 23000 euro + TVA deductibil
Masina se afla in stare excelenta, folosita cu atentie si intretinuta cu grija. Pentru detalii sau vizionare, ma poti contacta direct.
Pret: Net
Culoare: Gri
Tara de origine: Olanda
Nu doresc schimburi.
Cer si ofer seriozitate!"
tesla,Model Y,45 000 €,N/A,525 CP,Electric,SUV,39 000 km,Albastru,2024,Automata,"Vand Tesla model Y -  Dual Motor - Long Range.
Pret: 37.200 euro plus TVA.
Prima inmatriculare: martie 2024.
39.000 km parcursi.
Unic proproietar.
Stare tehnica si estetica excepțională."
tesla,Model 3,31 000 €,N/A,513 CP,Electric,Berlina,66 000 km,N/A,2021,Automata,"Tesla model 3 performance facelift, prima inmatriculare 19.03.2021
GARANTIE pe motor si baterie pana la 192.000km sau pana in martie 2029
513cp, 0-100kmh in 3.3 secunde
Cumparata recent din Austria! Foarte intretinuta
Absolut toata suspensia este noua, recent schimbata!
Discuri si placute schimbate recent la Tesla Graz!
Pachet conectivitate Premiul inclus (internet gratis in masina si aplicatie pe telefon cu control de la distanta)
Pompa de caldura
Masina arata si functioneaza ff bine!
Accept orice test
INMATRICULATA IN ROMANIA!!"
tesla,Model Y,37 999 €,5 000 cm³,540 CP,Electric,SUV,72 400 km,Alb,2022,Automata,"TESLA MODEL Y PERFORMANCE
Atentie este model cu facelift cu procesor AMD RYZEN. Cu pompa de caldura!
Garantie producator in limita a 192.000 km - pana in 2030/12
Pret negociabil!
Specificatii:
• Vopsea Alba
• Upgrade PERFORMANCE
• Jante Überturbine de 21""
• Eleron din fibra de carbon
• Performance Pedals
• Frâne Performance
• Track Mode (disponibil doar pentru echiparea Performance)
• Autopilot (ACC-Pilot automat/Cruise Control adaptiv)
• Pregatire pentru vreme rece
• Sistem Audio Premium : 13 difuzoare, 1 subwoofer, 2 amplificatoare si sunet imersiv • Pompa de caldura
• Conectivitate premium inclus
Încarcare wireless pentru 2 smartphone-uri, Pachet conectivitate premium, Sistem de navigatie Afisare în timp real a fluxului de traffic, Harti cu vizualizare prin satelit, Streaming video Streaming de muzica, Karaoke, Browser web, Actualizari over-the-air, Incarcator mobil Tesla cu 2 adaptoare 230V 16A si 230V 32A, Cablu pentru incarcare.
Tesla APP: aplicatie pt mobil care permite controlul si monitorizarea de la distanta, Autopilot - mentine banda, mentine viteza, accelereaza sau franeaza automat daca exista vehicule sau pietoni pe banda, franeaza de urgenta, avertizeaza la coliziune si monitorizeaza unghiul mort ACC-Pilot automat/Cruise Control adaptiv Sistem de avertizare a distantei Asistenta la frânarea de urgenta, Avertizare unghi mort, Asistenta la schimbarea benzii, ESP Controlul tractiunii prin torque vectoring, Camere 360 de grade, Functia Homelink asistata prin GPS, Modul Sentry - sistem de alarma care inregistreaza video 360 grade cand masina este parcata, Computer de bord, Directie asistata, Recunoasterea semnelor de circulatie, Monitorizarea presiunii în anvelope, Senzori de parcare ,Alarma Închidere centralizata fara cheie (cu keycard sau phonekey), Volan sport din piele, multifunctional, Acoperis panoramic din sticla cu tenta fumurie si strat de protectie UV/infrarosu ,Iluminare ambientala, Scaune fata cu reglaj electric, Scaune fata si spate incalzite, Suport lombar sofer ,Oglinda interioara heliomata, Oglinzi laterale electrice, incalzite si heliomate, Geamuri electrice, Faruri cu LED Lumini de mers cu LED, Lumini de ceata LED, Senzor de lumina, Senzor de ploaie, Isofix, Afisaj central tactil de 15"" Sistem Audio Premium: 13 difuzoare, 1 subwoofer, 2 amplificatoare si sunet imersiv, Port USB torpedou: 1 USB-A Port USB consola centrala: 4 USB-C ,Control vocal, Hotspot, WLAN / WiFi, Bluetooth, Kit hands-free, Radio, DAB Sistem de apel de urgenta.
Dual Motor Tractiune integrala, Upgrade de Performanta Jante Uberturbine de 21, Frane Performance cu etriere mai mari si discuri mai mari din doua piese, Pedale Performance din aluminiu, Eleron mat din fibra de carbon, Track Mode (Mod Circuit) ofera o racire sporita a motoarelor si bateriei si posibilitatea reglarii puterii motor fata, puterii motor spate, sistemului de control al tractiunii si sistemului de franare regenerative.
Set cauciucuri vară/iarnă
Pret: Brut
Culoare: alba
Tara de origine: Germania"
tesla,Model 3,21 399 €,N/A,428 CP,Electric,Berlina,157 000 km,Alb,2020,Automata,"Vând Tesla Model 3, Long Range 75 Wkh Dual motor!
Impecabilă, încă în garanție Tesla până în august 2028. Mașina este full!
Mașina funcționează perfect!!!
Preț negociabil!!!"
tesla,Model Y,42 800 €,N/A,517 CP,Electric,SUV,62 195 km,Alta culoare,2023,Automata,"Tesla Model Y an 2023 Long Range Full model cu pompa de caldura
- culoare Cherry Wild
- garantie 2030
- Km 62.195
- Primul proprietar de noua!
- Packet Full self Drive 7000€
- Jante 20 inch ( anv. vara + iarna )
- Versiune 4x4 517 cp baterie 82Kw
- Carlig remorcare original ( 2000€ )
- Masina personala si impecabila , este pe societate si se ofera factura cu TVA deductibil.
Dotari extra:
- display sofer 1700 de lei
- protectie panoramic
- lumini ambientale
- husa cotiera
- sertar special sub display
- consola incarcare telefon centrala
- lumina portbagaj
- tavita portbagaj
- banda led lumina portbagaj fata
Are toate actualizarile la zi !
Se accepta orice fel de test ( recomand Tesla )
Precizez ca pot oferi si o statie de incarcare de casa de 11 Kw care a costat 2800 de lei
A fost incarcata in mare parte ciclu cotidian si in regim de casa incarcare lenta ( corespunzatoare)
Foarte rar la fast - charge
Se elibereaza certificat fiscal
Nu ma interseaza schimburi / Variante
Se poate achizitiona si in sistem Leasing , finantare !
Masina beneficiaza de full - casco
Pentru cine e pretentios si vrea sa arate impecabil se poate rezolva , dar in momentul vizionarii se va prezenta in stadiul in care se afla , si anume cu mici imperfectiuni."
tesla,Model X,33 000 €,N/A,N/A,Electric,SUV,171 000 km,Rosu,2019,Automata,"Vând Tesla Model X 100D Long Range, fabricată în mai 2019, adusă din Olanda, în stare excelentă, întreținută cu atenție.
Garanție baterie și drive unit până în mai 2027
Full Self-Driving Capability (Autopilot complet activ)
Actualizări software over-the-air
5 locuri + portbagaj mare (fără rândul 3 de scaune)
⸻
Dotări principale:
•	Culoare: Red Multi-Coat (PPMR)
•	Interior: All Black Premium Interior
•	Inserții Figured Ash Wood Décor
•	Plafon Dark Headliner
•	Jante: 20” Silver Wheels
•	Tracțiune integrală Dual Motor – 100D Long Range
•	Suspensie pneumatică inteligentă (Smart Air Suspension)
•	Pachet Premium Upgrades
•	Pachet Subzero Weather – toate scaunele încălzite + volan încălzit
•	Sistem audio Ultra High Fidelity Sound
•	GPS Homelink (deschidere automată garaj)
•	Soft close pe toate ușile
•	Ușa șoferului se deschide automat la apropiere
•	Toate ușile se deschid și se închid automat (falcon wings + frontale)
•	Model X Roof panoramic
•	Pay Per Use Supercharging
⸻
Kilometraj: 171.000 km
Locație: Oradea
Preț: 33.000 €
Mașina nu necesită nicio investiție. Se poate verifica la reprezentanță Tesla sau cu tester.
Accept orice test, inclusiv la service Tesla.
Pentru detalii suplimentare sau poze, mă poți contacta telefonic sau pe WhatsApp."
tesla,Model 3,38 000 €,N/A,N/A,Electric,Berlina,42 000 km,Rosu,2024,Automata,"Vand tesla Long range dual motor tractiune integrala prima înmatriculare 26.07.2024
Culoare deosebita
cui tractare
Jante fara zgârieturi, impecabile.
Garanție 192.000 km sau 8 ani
Port incarcare schimbat pe garanție sapt trecuta la tesla , am factura.
Vehicul în garanție
Motorizare: Electric – Dual Motor (4x4)
Autonomie reală: ~600 km (WLTP)
Culoare exterior: Roșu
cherestea Metalliic Interior: negru premium
•	Sistem Autopilot activat
•	Faruri LED Matrix
•	Ecran central 15,4” cu interfață nouă și iluminare ambientală
•	Scaune față și spate încălzite + ventilație scaune față
•	Volan și parbriz încălzite
•	Cameră 360° și senzori complet noi
•	Sistem audio premium Tesla
•	Încărcare rapidă Supercharger (250 kW)
•	Conectivitate LTE și Wi-Fi"
tesla,Model X,52 500 €,N/A,562 CP,Electric,SUV,34 987 km,Negru,2020,Automata,"Tesla Model X LONG  2020 Range 5/7 locuri - Pilot automat 4x4, fara daune in istoric
Dual Motor, 4x4 562 CP -Garantie pana in Dec 2028 sau 240.000 km
TVA DEDUCTIBIL
34.987 km reali
FSD activat -masina are capabilitatea de a conduce singura activata
Tapiterie Leather Black
Senzori de Parcare Fata/Spate/Laterlale + 360 Grade cu Afisaj+Video
Sistem sunet profesional original cu 14 difuzoare si 2 amplificatoare
Incalzire toate 7 scaune, volan si stergatoare incalzite
Plafon panoramic
Toate dotarile posibile pe acest model
RAR efectuat, masina cu numere Verzi
Accept unele schimburi auto, dar doar cu masini cu putini KM!!!"
tesla,Model 3,17 990 €,N/A,476 CP,N/A,Berlina,221 500 km,Negru,2019,Automata,"Km 221.500
Jante 18 aero
Long Range, Dual Motor Tractiune 4x4
Autopilot Self Drive 3
Sistem audio premium
Camere
Conectivitate premium
Scaune incalzite fata spate
Masina este intr o conditie excelenta!
Mai multe detalii la telefon."
tesla,Model S,19 000 €,N/A,421 CP,Electric,Berlina,235 270 km,Gri,2015,Automata,"Eleganță, tehnologie și performanță într-un singur pachet!
Dacă îți dorești o mașină electrică puternică, cu un design modern, autonomie generoasă și dotări premium, această Tesla Model S P85 Performance este alegerea perfectă. Cu 420 CP, o autonomie reală de 460 km și o suspensie pneumatică adaptivă, oferă o experiență de condus incredibil de confortabilă și dinamică.
Mașina este în stare perfectă, atât estetic, cât și funcțional, cu un singur proprietar în România și o baterie cu 93% capacitate. Beneficiază de dotări premium, un interior rafinat și cele mai noi tehnologii de siguranță și conectivitate.
Specificații tehnice:
Motorizare: Electric – 420 CP
Kilometraj: 235275 km
Tracțiune: Spate (RWD)
Transmisie: Automată
Capacitate baterie: 85 kWh
Autonomie : 460 km
Încărcare:
* Incarcare super rapida CCS2 - incarca 400 km / h
* Incarcare type 2 - incarca 130 km / h
* Incarcare la priza 220v
• Cablu 220V pentru prize normale
• Cablu 380V pentru stații rapide
Suspensie: Pneumatică adaptivă și reglabilă pentru un confort excelent
Dotări exterioare și siguranță:
Faruri Bi-Xenon adaptive, Daylight LED & proiectoare ceață
Cornering Lights – iluminare suplimentară în viraje
Senzori parcare față + spate & cameră marșarier
Privacy Glass – geamuri fumurii pentru intimitate și protecție UV
Senzori de ploaie și lumină – activare automată a ștergătoarelor și farurilor
Jante pe 19” cu anvelope Michelin
Interior premium & confort:
Tapiserie piele +   lux și rafinament
Scaune față + spate încălzite & reglabile electric
Suport lombar electric pentru șofer & pasager
Plafon panoramic – lumină naturală și senzație de spațiu deschis
Climatronic pe 2 zone
Tehnologie & infotainment:
Display 17” touchscreen (limba română)
Navigație prin satelit, Apple CarPlay & Android Auto
Conexiune internet & sistem audio profesional
Port USB pentru încărcare și conectivitate
Funcții smart & siguranță:
2 chei digitale & Keyless entry / go
Încălzire auxiliară & parbriz încălzit
Lumini ambientale pentru un interior elegant
Stare & disponibilitate:
Mașină în stare perfectă, atât estetic, cât și funcțional
Unic proprietar în România
Întreținută corespunzător, fără probleme tehnice
Accept unele variante
Preț: Ușor negociabil
Locație: Floresti Prahova
Pregătită pentru orice drum! Dacă ești interesat, contactează-mă pentru detalii sau vizionare!"
tesla,Model 3,28 000 €,N/A,N/A,N/A,Berlina,145 000 km,Albastru,2022,Automata,"Tesla Model 3 Long Range – Autonomie excelentă, performanță îmbunătățită, întreținută exemplar
Vând Tesla Model 3 Long Range, un model care îmbină autonomia impresionantă cu tehnologia de ultimă generație. Mașina are 145.000 km reali, rulați preponderent extraurban, și este în stare tehnică foarte bună.
Dotări și avantaje importante:
Autopilot – extra opțiune activă, pentru o experiență de condus confortabilă și sigură.
Acceleration Boost – upgrade oficial Tesla, care îmbunătățește semnificativ accelerația și răspunsul mașinii.
Conectivitate premium.
Autonomie mare datorită versiunii Long Range, extrem de eficientă și stabilă în orice sezon.
Întreținută la standardele Tesla, cu toate update-urile software la zi.
Starea bateriei- 91% conform test Tesla.
Stare estetică & mentenanță:
În preț este inclusă repararea barei față și a ușii laterale, lucrări ce vor fi efectuate pe CASCO la un service autorizat, astfel încât cumpărătorul va primi mașina în stare estetică excelentă.
Interior curat, fără urme majore de uzură.
Mașina a fost folosită responsabil, încărcată preponderent la stații lente/acasă, fără abuzuri și fără istorii ascunse.
Este alegerea perfectă pentru cei care vor o Tesla bine întreținută, cu opțiuni premium și performanță superioară – la un preț corect.
Pretul este fix!"
tesla,Model 3,19 500 €,N/A,N/A,Electric,Berlina,114 356 km,Alb,2019,Automata,"Vand Tesla model 3 standard range plus, wall connector inclus, masina personala, 114.356 km.Nu fac schimburi."
tesla,Model Y,43 000 €,N/A,534 CP,Electric,SUV,43 500 km,Negru,2022,Automata,"Fabricata in Germania.
Garntie pana in August 2026.
Folie de protectie PPF.
Al doilea set de jante cu cauciucuri de iarna incluse in pret."
tesla,Model Y,34 000 €,N/A,514 CP,Electric,Hatchback,79 000 km,Alb,2022,Automata,"DE VANZARE:
Tesla Model Y Dual Motor AWD Long Range
Fabricatie 2022, prima inmatriculare 03.03.2022
Unic proprietar, achizionata de la dealerul Tesla Bucuresti
Kilometraj: 79.000 km
Putere motor fata 158KW + motor spate 220KW     TOTAL 378kw ( 514 cp )
Autonomie declarata: 542km extraurban / 655km urban
Configuratie:
Culoare - Pearl White
Interior - Black Premium ( Piele )
Jante aliaj - Gemini pe 19 inch cu anvelope 255/45 R19 Hankook Ventus S1 Evo3 EV
Plafon - Panoramic
Serie sasiu: LRWYGCEK7NC240479
Se vinde cu kit-ul de incarcare original al masinii.
Auto este in stare impecabila atat tehnic cat si vizual.
Pret: 34.000 Euro TVA inclus deductibil
EXCLUS SCHIMBURI
Multumesc pentru intelegere"
tesla,Model 3,24 999 €,N/A,N/A,N/A,Berlina,63 000 km,Alb,N/A,N/A,"Tesla model 3 2020 tva inclus , garanție Tesla 2028 ."
tesla,Model 3,27 000 €,N/A,480 CP,Electric,Berlina,111 500 km,Rosu,2021,Automata,"Vând Tesla Model 3, Long Range 80 Wkh Dual motor! 111.500 km
Impecabilă, In garanție Tesla până în  2029. Mașina este full!
Funcționează perfect!!!
SOH 84%
TVA inclus si deductibil.
Preț negociabil"
tesla,Model X,28 900 €,N/A,N/A,Electric,Break,140 000 km,Negru,2018,Automata,"Tesla X 75D, anul 2018
140 000km
Inmatriculat la Bucuresti
7 Locuri
Jante de vară Tesla 22 Black
Jante de iarna Tesla 20 Gri
cu toate opțiunile Tesla"
tesla,Model 3,26 000 €,550 cm³,493 CP,Electric,Berlina,110 000 km,Alb,2020,Automata,"Tesla Model 3 Long Range Dual Motor – 26.000 €
•	An fabricație: 2020
•	Kilometraj: ~109.000 km
•	Motorizare: Electrică
•	Culoare: Alb
•	Transmisie: Automată
Primul proprietar în România
Fără accidente, fără probleme tehnice
Mașina este în stare foarte bună
Preț: 25.500 €
Ideală pentru oraș și drumuri lungi, autonomie mare, întreținere completă."
tesla,Model 3,27 000 €,N/A,N/A,Electric,Berlina,95 000 km,Alb,2022,Automata,"Vand tesla model 3 2022 august LR long range unic proprietar.
Imbunatatiri:
Huse piele alba pt podea si porbagaj
Are accelearation boost activ 9000 lei
Display spate
Display fata reglabil stanga dreapta si jos sus
Scaune piele alba
Scaune incazite 5
Senzori de parcare
Pret in rate 40.000 ,max 36 luni
Pret pt ride sharing  in rate: 10.000 euro avans 36 luni a cate 1000 euro,
In caz ca vrei sa faci ride sharing accept doar pe firma mea cu 10% comision și plata tuturor orelor lucrate legal.
Km in crestere, masina este folosita zilnic pt transportul celor 2 copii din dotarea familie :)"
tesla,Model 3,18 990 €,500 cm³,472 CP,Electric,Berlina,199 000 km,Rosu,2019,Automata,"◼MODEL : Tesla Model 3 Dual Motor Long Range
Prima înregistrare: 27/03/2019
Kilometraj 199000 km
Tip de combustibil Electrică (baterie)
Tip de transmisie Transmisie automată
Tracțiune integrala Da
Putere 350 kw 472 cp
Tipul caroseriei Berline
Usi 4
Numar de locuri 5
Numar de cartele 2
Vopsea Roșu
Culoarea interiorului Negru
◼DOTARI:
• Autopilot Full Self Driving
• Capabilitate Supercharge
• Aer condiționat - Climatizare automată
• Senzori parcare fata + spate
• Camere video - Spate + laterale
• Acoperiș - Panoramic
• Altele - Cotieră
• Altele - Servodirecție
• Geamuri elecrice fata / spate
• Oglinzi / Camere video - Oglinzi încălzite
• Oglinzi / Camere video - Oglinzi reglabile electric
• Scaune - Încălzire față
• Scaune - Șofer reglabil electric
• Sisteme de siguranță - Cockpit digital
• Sisteme de siguranță - Control de croazieră
• Volan - Multifuncțional
• Scaune - Tapițerie Piele
• Volan - Piele
Accesorii
• Cablu de încărcare 1
•Sănătate baterie 92%
◼"
tesla,Model 3,18 900 €,500 cm³,448 CP,Electric,Berlina,187 000 km,Alb,2019,Automata,"Tesla Model 3 187000
An 2019(Decembrie)
GARANȚIE!(Baterie și motoare) până la 19200Km sau Decembrie 2027
Autonomie 440 KM(la 100%)
Baterie de 75 KW
Varianta LONG RANGE DUAL MOTOR(448CP)
Dotari:
-Conectivitate premium,internet gratuit
-Carlig de remorcare
– Volan Piele schbat si imbracat recent,deoarece cel vechi incepuse sa se uzeze ( au o piele f subtire care se uzeaza repede )
- Tractiune 4x4
- Camera HD Parcare Spate
- Camere Laterale
- Sistem Infotainment cu Touchscreen
- Pilot Automat Full Self-Driving 3
-Conectivitate Premium
- Faruri FULL LED
– Lumini de zi LED
– Stopuri LED
– Semnalizari LED
- Scaune Reglabile Electric
- Faruri Adaptive
- LANE ASSIST
- SIDE ASSIST
- COLLISION WARNING
– KEYLESS ENTRY/GO (2 cartele)
– Senzori de Parcare Fata-Spate cu Afisaj
– Senzori de Lumini si Ploaie
– Climatronic cu 2 Zone Cu Afisaj
– Control Stabilitate si Tractiune
- Scaune Incalzite
- Bancheta Incalzita
- Frana de Stationare Actionata Electric
- Mod Sentry (Inregistrare Video cand masina este parcata)
- AUTO-HOLD
– Plafon Panoramic
– Intrare USB/Auxiliar
- Tapiterie Piele
- Scaune Reglabile Electric
– Comenzi Volan
- Volan Reglabil Electric
– Computer Bord
– Cotiera Fata si Spate
– Oglinzi Rabatabile Electric
– Oglinzi Heliomate Reglabile Electric
– Oglinzi Incalzite
– Geamuri Electrice Fata si Spate
– Jante Aliaj 18""
Incarcata doar acasa la slow charging
Proprietar! Ofer fiscal pe loc."
tesla,Model 3,25 500 €,N/A,476 CP,Electric,Berlina,140 000 km,Negru,2019,Automata,"Tesla Model 3 Dual Motor 476CP AWD---
Mașina este înfoliata în totalitate cu folie PPF pentru protejarea caroseriei + protecție CERAMICĂ,
A fost încărcată de fiecare dată corespunzător până la 70-80%.
--Long Range - autonomie 498 km
--TVA Deductibil - pretul afisat include TVA--
--Posibilitate Leasing Auto persoane juridice--
***Garantie baterie Tesla pana in 2027***
***Rulajul autoturismului este certificat, punem la dispozitia clientului istoricul complet***
--Scaune comfort cu incalzire--
--Memorie scaune, volan si oglinzi--
--AutoPilot - conducere in mod autonom--
--Lane Assist - asistent pastrarea benzii--
--Traffic sign assist - afiseaza semnele de circulatie--
--Faruri full LED adaptive--
--Asistent faza lunga--
--Clima automata pe 2 zone--
--Plafon panoramic cu protextie solara--
--Ornamente interior lemn natur + black piano--
--Incarcare wireless pentru telefon--
--Sistem navigatie cu ecran mare si harti 3D--
--Volan sport piele--
--Semnalizari LED--
--Keyless--
--Lumini ambientale interior LED--
--Stopuri LED--
--Jante aliaj 20”--
--Senzori parcare fata-spate--
--Camera video
--Senzori ploaie + lumina--
--Oglinzi heliomate rabatabile electric+ incalzire --
- Cârlig original Tesla
--Autoturismul se afla in stare foarte buna tehnic si estetic--
Pret: Brut
Culoare: Negru
VIN (serie sasiu): 5YJ3E7EB2KF368430
Anunt adaugat de pe Autovit.ro"
tesla,Model 3,42 500 €,N/A,491 CP,Electric,Berlina,30 449 km,Rosu,2023,Automata,"2 optiuni vanzare: avans + preluare leasing SAU achizite cu plata intergrala.
Unic Proprietar, masina ingrijita si protejata, achizitionata de la Tesla Motors Romania.
Fara Accidente. 30.449Km (in crestere, e masina zilnica)
Colantata complet in folie PPF 220 Microni (10 ani garantie)
Protectie ceramica pe scaune si bancheta spate
Folii de protectie display fata si spate.
Mașina a fost achiziționată nouă și este în posesia mea de 1 an și 11 luni.
Functioneaza si arata perfect, motivul vanzarii este ca trec pe o masina mai mare.
Garantie
Generala -pana in 6 Decembrie 2027 sau pana ajunge la 80.000 km
Baterii si drive unit - pana in 6 Decembrie 2031 sau 192.000 km
Date principale standard:
4x4 dual motor
Jante Photon 18’
An fabricație: 2023, Noiembrie (highland, conceputa pt autostrada)
Putere maximă: (~491 CP)
Sistem audio premium
Încărcare rapidă la Supercharger
Cheie digitală + control complet din aplicația mobilă Tesla
Cabluri originale de încărcare, 2 chei tip cartelă.
Extra optionale adaugate ulterior:
Enhanced autopilot cu Funcția SUMMON activă pe telefon și pe mașină - 3800Eur
Culoare Ultra Red - 2000Eur
Interior Premium Alb, cu scaune față și spate încălzite si racite 1200Eur
Anvelope Iarna + Vara 1100Eur
Folie PPF cu 10 ani garantie 3000Eur
Set de covorașe de cauciuc 50Eur
Protectii parasolare 150Eur
Acestea sunt un frumos bonus de +10.000Eur pentru urmatorul posesor.
Nu are carlig de remorcare sau alte dotari in afara de cele mentionate.
Achizitie in 2 Variante:
Avans + Preluare Leasing
Avans = 15.000Eur + TVA (18.000Eur cu TVA)
Preluare Leasing - Mai sunt de achitat 36 Rate.
Rata lunara este de 720Eur (fara TVA), adica 872Eur cu TVA
Fara rata reziduala la final de leasing.
SAU
Plată integrală
42.500Eur TVA inclus
Pentru Ambele variante, avand in vedere ca masina este pe firmă - se emite factura cu TVA.
Exista disponibilitate pentru usoare negocieri.
Nu fac niciun fel de schimb."
tesla,Model 3,23 400 €,N/A,309 CP,Electric,Berlina,74 000 km,Albastru,2020,Automata,Tesla modelul 3 iunie 2020 prima înmatriculare .
tesla,Model 3,21 900 €,N/A,325 CP,Electric,Hatchback,128 800 km,Gri,2020,Automata,"Culoare exterior: Gri metalizat
Interior: Alb Premium
Kilometraj: 128.800 km in creștere!
RAR efectuat
Stare: Impecabilă, recent adusă din UE
Stare baterie SoC: 92%
Detalii tehnice & performanță
•	Autonomie reală: ~350–380 km WLTP 409 km
•	Tracțiune spate RWD
•	Putere: 239 kW / 325 CP
•	Accelerație 0–100 km/h: 5,6 sec
•	Cutie automată transmisie directă electrică
Dotări principale
•	Conectivitate Premium
•	Scaune încălzite
•	Pilot automat Autopilot activat
•	Ecran central de 15” cu actualizări over-the-air
•	Navigație Tesla cu acces la Superchargere
•	Cameră marșarier + camere laterale și frontale
•	Sistem audio premium
•	Senzori parcare 360°
•	Moduri de condus: Chill Standard
•	Roți 18” Aero originale Tesla Cauciucuri Iarna Noi Continental WinterContact TS860
Stare și întreținere
•	Caroserie și interior în stare excelentă
•	Fără accidente, fără elemente revopsite
•	Baterie testată, menține 92% din capacitate
•	Revizii la zi Tesla Service
•	Disponibilă imediat
NU accept schimburi
Pretul include tva deductibil"
tesla,Model S,22 500 €,N/A,540 CP,Electric,Berlina,140 000 km,Gri,2018,Automata,"Adusă recent
Carte rar efectuată
Autonomie 350
Baterie și motoare în garanție
140000km
Autopilot
Două chei
Roți vară roți iarnă
Stație încărcare 220v
Mașina nu a fost încărcată la fast chestie
Se prezintă în stare foarte bună
Mai multe detalii l-ai poze la telefon"
tesla,Model 3,22 990 €,1 000 cm³,350 CP,Electric,Berlina,80 000 km,Alb,2020,Automata,"Auto achizitionat pe firma de pe siteul de licitati Openlane .( deci transparenta totala , poze detalii , certificat dekra achizitie )
Auto rulat in regim privat ( exclus auto ce a facut uber taxi sau rent ) , incarcata la priza 230V , nu supercharger .
Doar 80 000 km
Septembrie 2020 cu garantie 3 ani pana in septembrie 2028
Pret 18999 euro plus tva deductibil
Nu accept schimburi"
tesla,Model S,25 500 €,N/A,N/A,Electric,Berlina,115 000 km,Gri,2018,Automata,"Masina este pentru pretențioși, arata si merge impecabil este alb perlat culoare originala si colantata Nardon Grey dețin poze din timpul colantari..era absolut impecabila
Tesla S75D
Incarcare gratis pe viata
Internet gratis pe viata
Spotify, Netflix
Autopilot 2.5
Camere 360 ( 8 camere) cu filmare trafic 360 in mers
Summon
Scaune incalzite
Volan incalzit
Tine banda de circulatie, ia singura viraje in senul giratoriu
Frânează singura dacă este necesar
vede semnele rutiere
Trapa cu plafon panoramic
Suspensie premium cu perne si.memorie
Jante cu cauciucuri noi de iarna Michelin
km 115000 in creștere adusa din Germania de 1 an
Nu fac schimburi"
tesla,Model 3,20 990 €,N/A,351 CP,Electric,Berlina,132 600 km,Gri,2019,Automata,"Tesla Model 3 Standard Range Plus - 09/2019
Jante: 19"" cu anvelope Toyo de iarna si anvelope Pirelli Powergy vara
Rulaj actual: ~ 132.600 KM in crestere
VIN: 5YJ3E7EAXKF516329
Culoare exterioară: Midnight Silver Metallic
Interior: Negru - materiale premium
Garanții active
Baterie si unitate de actionare: până la 24 septembrie 2027 sau 160.000 km
Stare generală
Mașină extrem de bine întreținută - ținută exclusiv în garaj
Nu s-a fumat niciodată în mașină
Peste 90% din încărcări efectuate acasa, la priza casnica 220V
Accesorii incluse
Panoul de bord care are aspect de lemn din fabrica a fost acoperit cu o piele alcantara de culoare gri (pentru a se combina perfect cu pielea alcantara de pe usi)
Covorașe de cauciuc + covorașe de mochetă
Covorase custom din piele maro facute special dupa dimensiunile podelei (acopera si pragurile)
Parasolare interioare pentru plafon (ajuta foarte mult vara la temperaturi ridicate)
Siguranță și asistență
Pilot automat adaptiv
Menținere activă a benzii și asistență în trafic aglomerat
Frânare automată de urgență
Avertizare coliziune, detectare pietoni și bicicliști
Monitorizare unghi mort: afisare pe ecran la semnalizare
Cameră 360° cu înregistrare permanentă in timpul mersului sau supraveghere cand este parcată
Recunoaștere semne de circulație, asistență la rampă, apel de urgență automat
Masina se poate vedea langa Timisoara
Pentru orice fel de intrebari sau informatii suplimentare va stau la dispozitie!"
tesla,Model 3,23 800 €,N/A,N/A,Electric,Berlina,39 700 km,Alb,2020,Automata,"Vă propunem o masina Long Range(500km autonomie)
Mașina este foarte potrivită pentru activitățile de Ridesharing.
Ex rate:
3000 avans
640 x 36 rate
4000 factura finala de achiziție
Se agauda TVA.
Achiziția acesteia se poate realiza în rate convenabile.
Pentru mai mult detalii, mă puteți contacta."
tesla,Model S,21 499 €,N/A,362 CP,Electric,Berlina,168 000 km,Verde,2014,Automata,"Tesla Model S 85 RWD Autopilot
Performanta electrica de top, autonomie reala 350 km
Sănătate baterie: 94%
Dotari premium si istoric verificabil.
Detalii generale
Marca: Tesla
Model: Model S 85
Tractiune: Spate (RWD)
Putere: 362 CP
Baterie: 85 KW
Dotari importante
Pachet premium conectivity (Include Spotify si internet gratuit pe viata)
Incarcare gratuita la superchargere Tesla
Incarcare rapida CCS cu adaptor inclus
Suspensie pneumatica reglabila (4 trepte: 13, 14, 16, 17 cm)
Trapa electrica panoramica
Scaune fata si spate incalzite si reglabile electric
Coloana directie reglabila electric pe 3 directii
Pachet iarna cu volan incalzit, diuze spalator si ștergătoarele incalzite
Memorie pozitii (profil sofer complet: scaun, volan, fermitate directie etc)
Portbagaj spate imens de 744 litri cu deschidere/inchidere electrica
Camera marsarier
Acces si pornire cu telefonul sau PIN
Oglinzi electrice cu pliere automata si coborare automata la marsarier
Geamuri electrice fata/spate
Faruri LED automate
Stare tehnica si echipare
Interior in stare impecabila
Incarcata exclusiv pana la 80%, ocazional 90% pentru drumuri lungi
Anvelope Pirelli Scorpion allseason noi
Include cabluri de incarcare multiple
Pret: 22.000 euro
Pret putin negociabil
Masina a avut parte de: completare freon 2025, schimbare mânere, etanșare motor.
Masina se afla in stare excelenta, semne normale de uzură - folosita cu grija si intretinuta cu responsabilitate. Pentru detalii sau vizionare, ma poti contacta pe whatswapp.
Culoare: Verde
VIN : 5YJSA3H13EFP33558
Masina ideala pentru Uber/bolt in orașele cu supercharger Tesla.
Nu doresc schimburi.
Cer si ofer seriozitate!"
tesla,Model 3,21 000 €,N/A,476 CP,Electric,Berlina,115 000 km,Alb,2020,N/A,"Tesla Model 3 Long Range Dual Motor 476 cp
Masina este importata din Olanda
Numere rosii si carte RAR
CAMERELE NU FUNCTIONEAZA
PRET FIX
An fabricatie Decembrie 2020
115.000 km
490 km range incarcata 100%
Jante r19 cu anvelope iarna
Pompa caldura
Geamuri duble fata
Garantie motoare ai baterie 2028 sau 192.000 km
Pentru detalii ma puteti suna"
tesla,Model 3,26 500 €,N/A,N/A,Electric,Berlina,67 000 km,Alb,2021,Automata,"Tesla Mode 3 - an 2021
• Kilometraj: ~67000
• Motorizare: Electrică
• Culoare: Alb
• Transmisie: Automată
Primul proprietar în România
Fără accidente, fără probleme tehnice
Mașina este în stare foarte bună
Garanție motor și baterie până în septembrie 2029 (sau 160000 km)"
tesla,Model 3,22 500 €,500 cm³,470 CP,Electric,Berlina,91 500 km,Albastru,2019,Automata,"Vând Tesla Model 3 Long Range Dual Motor în stare bună fără defecte sau erori,baterie în stare bună garanție până în 2027 cu dotări premium,sonorizare 12 difuzoare cu subwoofer.
Anvelope all season noi cu jante R19.
Capacitate baterie 75 kw,soh 88%,
Range la 80%-342km, 100%-437 km.
Pachet acceleration boost(100km în 3.9 sec)Autopilot.Pachet remorcare.
Se poate viziona în Bragadiru Ilfov.Pentru detalii suplimentare vă rog lăsați mesaj Mulțumesc."
tesla,Model 3,22 500 €,N/A,N/A,Electric,Berlina,156 789 km,Albastru,2019,N/A,"- Mașina personală de nefumători ținută în garaj;
- Garanție Tesla (baterii+motoare) valabilă până în 29 iunie 2027 (sau 192.000 km);
- Rulaj: 156789 în creștere;
- Încărcări de la panouri și priza de la centru comercial de maxim 50kwh;
- Sănătatea bateriei: “Your battery's energy retention is within the expected range based on its age and mileage”;
- Set complet roti de vară: jante originale + anvelope pirelli + capace aero;
- Set complet roti de iarnă: jante originale + anvelope Bridgestone;
- O jantă originală goală + capac aero;
- Trusa de adaptori pentru elevator;
- Uzura conform vârstei.
Prețul este negociabil la fața locului."
tesla,Model 3,31 000 €,N/A,434 CP,Electric,Berlina,88 742 km,Alb,2021,Automata,"Tesla Model 3 LR
Interior Piele Alba
Folie ceramica geamrui + panoramic
Masina este in stare perfecta de functionare cat si estetic
Pilot automat avansat / summon mode - optiune de 3800e
88.742 km
PRETUL CONTINE TVA
SE ELIBEREAZA FACTURA"
tesla,Model S,36 900 lei,N/A,513 CP,Electric,Berlina,76 456 km,N/A,2022,N/A,"Vând Tesla Model 3 Performance, 513CP & 660NM, fabricată în martie 2022, cu pompă de căldură, procesor AMD, senzori de parcare(USS), culoare Red Multi-Coat, interior premium alb din piele, multiple îmbunătățiri aduse și piese noi schimbate pe garanție.
Garanție integrală până în 2026.
Garanție baterie, motoare și invertoare până în 2030.
Mașina este în stare excelentă, folosită cu grijă, parcată în garaj, fără accidente, întreținută în service autorizat Tesla, funcționează impecabil.
Mașină personală, nefumător.
Fără accidente, fără probleme ascunse.
Persoană fizică, prețul este negociabil la fața locului.
Pentru mai multe detalii sunați la numărul de telefon.
DATE TEHNICE:
• 513 CP & 660 NM
• Pompă de căldură
• Procesor AMD(la fel cu ultimele modele Tesla)
• Faruri Matrix
• Kilometraj: 76.456 km
• Capacitate baterie: 82KWh(brut) / 77 KWh(net)
• Baterie Panasonic în stare foarte bună (încă în garanție)
• Senzori de parcare USS
• Sistem Premium de sonorizare
DOTĂRI:
• Culoare Roșu Multi-Coat
• Interior piele Alb Premium
• Conectivitate Premium inclusă(nu mai trebuie plătit 10$ pe lună)
• Autopilot standard
PIESE NOI — schimbate pe garanție
(Toate montate în Service Autorizat Tesla):
• Brațe superioare față
• Brațe inferioare față
• Fuzetă stânga spate
• Computer port încărcare
• Parbrizul a fost schimbat cu unul original pe la aproximativ 40000 km(schimbat pe CASCO)
PROTECȚII ȘI ACCESORII:
• Folii Lumar fumurii pe plafon, lunetă și geamuri spate
• Folii Lumar transparente pe geamurile față și parbriz
• PPF (folie protecție) pe faruri și stâlpi laterali
• Folie protecție pe ecran
• Parasolar plafon panoramic inclus
• Tăviță portbagaj cauciuc
• Presuri textile și de cauciuc originale
• Încărcător Type 2
• Încărcător casnic (schuko)"
tesla,Model S,15 400 €,N/A,215 CP,Electric,Berlina,276 000 km,Albastru,2016,Automata,"De vanzare
Tesla S90
158 kw
Autonomie: 500 km
Recent importata
Fara accident"
tesla,Model S,20 900 €,N/A,362 CP,Electric,Berlina,19 930 km,Maro / Bej,2014,Automata,"Tesla Model S 85 –– Incarcare gratuita pe viata la rețeaua Tesla Supercharger
Detalii tehnice
•	MODEL:2014
•	Putere motor: 362 CP (cai putere)
•	Tracțiune: Spate (RWD)
•	Autonomie estimată: ~350 km per încărcare completă
•	Kilometraj: _198.000___ km
•	Încărcare: Port CCS Combo 2 instalat (upgrade efectuat) pentru încărcare rapidă DC
	Port Type 2 pentru încărcare AC (cablu de încărcare Type 2 inclus),
	Port Chademo
	Cablu pentru incarcarea priza normala
•	Suspensie penutamica
•	Upgrade 3 G efectuat in anul 2023
Dotări și opțiuni
•	Jante aliaj de 21″ – jante originale,  MODEL TURBINE cu cauciucuri din 2024
•	Interior din piele crem
•	Ecran tactil de 17″ –
•	Pilot automat (Autopilot 1.0) – asistență la condus cu funcții de menținere a benzii și cruise control adaptiv
•	Cameră  spate
•	Senzori de parcare (față și spate) – avertizare sonoră pentru manevre sigure la parcare
•	Scaune încălzite față și spate
•	Jante de iarna gratuite
•	Trapa
•	Portbagaj cu deschidere electrică – hayon acționat electric
•	Înmatriculată în România
•	Istoric complet de service- verificare carvertical.com
•	Fără accidente – nu a fost implicată în evenimente rutiere; caroserie în stare foarte bună, vopsea originală
•	Baterie verificată – stare excelentă a bateriei- baterie schimbata in anul 2020 la 115.000 km la reprezentanta Tesla
•	Masina a avut un singur proprietar inainte
Preț solicitat: 22.900 €   (Pretul masinii  noua a fost la 100.000 euro )
•	Telefon: _0723025694___"
tesla,Model S,16 999 €,N/A,386 CP,Electric,Berlina,300 000 km,Rosu,2014,Automata,"Vând Tesla Model S 85, fabricată în luna 12, anul 2014, într-o stare excelentă, întreținută atent. O dețin de 2 ani și funcționează fără probleme.
Detalii importante:
Kilometraj actual: ~300.000 km
Motor înlocuit la Viena – are în prezent aproximativ 80.000 km
Baterie recondiționată complet anul trecut
Dublu încărcător AC – până la 22 kW (foarte rar și foarte util pentru încărcare rapidă la AC)
Supercharging gratuit pe viață – transferabil (se va transfera in momentul vânzării direct pe aplicația cumpărătorului)
Culoare: roșie
Jante Tomasson – aspect sportiv
Dotări de bază Tesla: navigație, ecran mare, conectivitate, scaune încălzite etc.
Stare generală:
Mașina arată și funcționează foarte bine. Întreținută regulat, fără probleme tehnice. Ideală pentru cei care vor o Tesla fiabilă și economică, cu avantajul unic al încărcării gratuite Supercharger."
tesla,Model 3,22 000 €,N/A,N/A,Electric,Berlina,140 000 km,Alb,2019,Automata,"Tesla 3 Performance
2019  140 000km
extrem de puternic
3.1s   0-100km/h
Full White
Frână sport Tesla, roșie
Jante de vară 20' Gri
Jante de iarnă 20' Albe"
tesla,Model 3,37 800 €,N/A,283 CP,Electric,Berlina,61 000 km,Alb,N/A,N/A,"Vând Tesla Model 3 RWD Autonomie WLTP 450km 283cp, baterie 75 kwh.
61000km Fără accident/tamponare.
Cablu încărcare
Garanție 2032
Accelerație 0-100 km/h:5s
Stare buna
Detalii în privat.
Culoare: Alb
Pe WhatsApp0752s958q792"
tesla,Model 3,28 000 €,N/A,N/A,Electric,Berlina,35 900 km,Alb,2022,Automata,"Vindem Tesla model 3 SR+, interior negru, varianta cu jante de 19, luata de noua în martie 2023, primul proprietar, 35.900 km, ținută parțial în garaj, încarcata acasa, cu excepția concediilor. Anvelope All season, garanție pana în 2027 (mașina) și 2031 (bateria). La spoiler are o zgarietura de la bordura conform foto. Nu suntem interesați de schimburi."
tesla,Model S,16 500 €,N/A,630 CP,Electric,Hatchback,215 000 km,Maro / Bej,2018,Automata,"Tesla Model S100D avariat , masina porneste si se poate deplasa pe distanta scurta, airbaguri din fata deschise , la roti este in stare buna fara avarii, suspensia functioneaza , are doar defecte de accident. Tesla S100D cu multe optiuni, cum ar fi. Full sel driving cu autopilot 3(7000e) suspensie cu perne de aer, Jante 19 negre , culoare de baza albastru dar colantata , premium conectivity, internet gratis pe viata, Functia autopilot, se conduce singura, ia curba singura, parcheaza singura, franeaza in cazuri speciale , vede semne de circulatie, functie de evitare coleziune din spate (accelereaza in caz de accident din spate) camere 360 cu functie de inregistrare trafic 360, incalzire scaune, Nu se accepta schimburi..rel la te 07******57"
tesla,Model X,Schimb,N/A,535 CP,Electric,Berlina,93 000 km,Gri,2018,Automata,"Tesla X 75D Dual Motor 4x4  535cp 2018**
Folie protectie faruri
Tratament hidrofob parbriz
Paket PREMIUM de fabrica-Dotari de Varf Exclusiv
Interior PREMIUM Exclusiv-Pachet extins piele
Suspensie Perne aer adaptive Reglabile pe înălțime
Culoare deosebita : Carbon Grey Metallic
Garantie internațional (Motor/Baterie) 2026
93.000 km
Timp incarcare normal 0-Full / 1.2 ore la fast charge
INCARCARE SUPERCHARGER stații TESLA-Gratuit pe viata
Serie VIN : 5YJXCCE25HF059804
Full Electric - Impozit anual 0 lei
Model cu 6 LOCURI fiecare individuale
Se vinde doar cu perfectarea actelor!
Absolut totul functional in perfecta stare pe masina
Nu necesita nici o investitie
~~~ PERSOANA FIZICA ~~~
Se recomanda si accepta orice verificare in service !
Optiuni:
Pachet PREMIUM Interior-Exterior-Dotari de Varf
Pachet PREMIUM -Pachet extins piele
Pachet Chrome-Nichel interior-exterior
DriveSelect Sport/Confort Suspensie/Direcție Adaptive
Suspensie Perne aer adaptive cu 5 nivele de Reglaj
Lumini de zi LED - FACELIFT
Faruri AUTO Full Led Adaptive
Proiectoare ceata LED
Stopuri spate Fibra optica FACELIFT
Follow Me Home-Leaving Home-Coming Home-Cornering
Jante 20"" cu cauciucuri NOI
Geamuri duble termo-ionizate fata-spate (Privacy Glass)
Luneta spate incalzita
Parbriz Panoramic Heliomat Multi-color(Confort Climatic)
Oglinzi electrice-incalzite si heliomate+rabatabile
Oglinda interioara cu functia antiorbire
Oglinda dreapta cu functia Help Me Back
Incalzire in scaune pe 3 trepte de nivel
Scaune Full electrice cu Memorii
Reglaj lombar electric + Tetiere electrice
Usi automate / Deschide portiere / Inchide cand te urci in ea
Ușile se pot controla de la distanta sau de pe tableta interioara
Computer de bord Multifunctional Mare
Virtual Cockpit ceasuri de bord PLASMA
Satelit control - Localizare exacta Permanent
ConnectedDrive-Camera recunoaștere semne rutiere
LineAssist-Păstrează banda-Vibrează volanul
SideAssist-Asistenta unghi mort în oglinzi
FrontAssist-Franeaza singura în caz de impact
KeyLess Entry-KeyLess GO-utilizare cu cheia în buzunar
Comenzi pe Volan
Reglaj volan pe inaltime si adancime electric cu memorie
Pilot automat + Limitator de viteza ACC+
Funtie AUTO Pilot total prin Satelit-Merge singura
SUMMON-Control parcare din aplicație pe telefon
Mod SANTINEL - supraveghere 5 camere video în permanenta
Volan INDIVIDUAL piele Multifunctional
Plafon Alcantara Panoramic din sticla
Ornamente interior lemn natural nuc + piele
Pachet extins piele Bord/Uși
Camera asistenta fata lunga/scurta automat
Camera mansalier cu asistenta parcare
Auto-Hold - asistenta stationare in panta
Navigatie Mare 3D Profesional 4K Online Satelit
Dublu-Climatronic automat-doua zone fata/spate
MultiMedia RadioCD-Mp3-AUX+TV+DVD+USB+HDD+SD Card
Sonorizare HarmanKardon
Spotify / Internet Acces - Gratuit pe viata
Upgrade Soft Online - Gratuit pe viata
Telefon-Bluetooth + Car-Kit + BluetoothMedia
Comenzi vocale/AndroidAuto/AppleCarPlay
Geamuri electrice toate 4 cu functia confort
Senzori ploaie
Senzori lumina
Senzori Presiune/Temperatura roti
Senzori parcare Surround 3D View
Cotiera fata-spate
Suporturi pahare
ISO-fix scaun copil
Scaune spate INDIVIDUALE full electrice
Torpedou refrigerat
Pregatire Smartphone Cotiera
Priza 12V spate+portbagaj
Lumini ambientale exterior sub oglinzi
Lumini ambientale interior 9 culori disponibile
12 Airbag+genunchi+cortina
Sistem alarma original Tesla cu funtie video
SoftClose portbagajul + SoftClose Uși
ABS-ESP-ASR-DSC-EDC-PDC
Pornire motor de la distanta-din aplicație
Control total al comenzilor de pe aplicația TESLA
3 Cabluri incarcare originale Tesla/Inclusiv pentru CASA
Servotronic total
5YJXCCE25HF059804"
tesla,Model 3,31 800 €,N/A,497 CP,Electric,Berlina,58 000 km,Rosu,2022,Automata,"Tesla Model 3 Long Range 4x4 497 CP 58.000 km
Pret 26.300 NET + TVA, posibilitate finantare
Garantie baterii + motoare Sept 2029
Faruri Matrix LED, Pompa caldura, baterie 82 KWH
EAP - Autopilot Avansat (optiune in val. de 3.800 Euro !!)
Geamuri duble fata, Interior negru,
Carlig remorcare + sistem cuplare electric
Incalzire volan + scaune (toate cele 5 locuri)
Senzori parcare ultrasonici (USS)
Conectivitate Premium, Auto Pilot adaptiv +
Accelerație: 0-100 km/h în 4.4 secunde.
Viteză maximă: 233 km/h.
Nu ma intereseaza schimburi!"
tesla,Model 3,23 999 €,N/A,325 CP,Electric,Berlina,109 000 km,Negru,2021,Automata,"Vand Tesla Model 3 SR+, in stare foarte buna, nu s-a fumat in ea, foarte ingrijita atat interior cat si exterior, adusa personal din Olanda.
RAR efectuat. Urmeaza inmatricularea cu numere deifinitive.
Km sunt in crestere, fiind utilizata zi de zi.
Dotări principale:
• Baterie 60kv - range aproximativ 400km cu 100% baterie
• Pompa de caldura
• Portbagaj electric
• Incarcare wireless telefon
• Conectivitate Premium activă
• Încălzire scaune față+ spate
• Geamuri duble , îmbunătățită semnificativ față de modelul sub 2021
• Faruri full led Matrix decupeaza pe faza lunga
• Sentry Mode
• Plafon panoramic
• Mașina nu necesită nicio investiție
Prețul este usor negociabil, nu doresc schimburi."
tesla,Model X,29 500 €,N/A,540 CP,Electric,SUV,178 000 km,N/A,2018,Automata,"Tesla model X 100D Long Range din 2018
Este modelul cu cea mai mare baterie
Multiple dotări....
Dual Motor AWD: Tractiune integrala, ideală pentru orice sezon. 4x4 - 2 motoare electrice foarte puternice.
Full black
Extra: Încărcătorul original portabil funcționează și monofazic și trifazic
Cablu albastru
Adaptor CCS
Model care poate încărca CCS upgrade: Compatibila cu toate statiile rapide
Sentry Mode si Dashcam: Monitorizare si inregistrare video
Collision Assist & Adaptive Cruise Control: Siguranta su confort la drum lung
Pilot Automat 2.5 Suspensie AIR inteligenta reglabilă pe inaltime(5 pozitii.)
Modul Sentry - permite inregistrarea video la 360 grade in jurul masinii
Pachet conectivitate premium(Netflix, Youtube, Spotify, Internet Permanent, Apple Music)
Acoperis panoramic uși spate
-Radio Internet, Alarma
Avertizare de coliziune frontala, Evitare parasirii benzii de urgenta, Franare automata de urgenta,  Sistem de accelerare cu evitarea obstacolelor, Sunet de avertizare privind coliziunea in unghiul mort,Manere automate
Volan din piele și reglabil electric cu Comenzi volan
Bord imbracat in piele
Scaune electrice cu memorie pentru șoferi diferiți
Incalzire scaune față
Navigatie GPS GOOGLE MAPS, Functie divertisment
Mașina poate încarcăca cu 16 kwh casnic trifazat
Roți 20"", jante negre
Anvelope vară/iarnă
Preșuri interior vară/iarnă
Protecție bord pt soare
Etc, etc
29500Euro
Vând X4 M din 2016, unic proprietar în România.
Motorul de 2000 cmc , cel de 190 cp.
Faruri led, hed-up, model M, plafon negru, navigație mare, deschidere portbagajul ""la picior"", 2 seturi de roți, piele, etc
Important : TOCMAI i-am făcut distribuția și schimburile de ulei și filtre, inclusiv la cutia de viteze.
20000 eu"
tesla,Model 3,9 900 €,N/A,N/A,Electric,Berlina,120 000 km,Gri,2020,N/A,"Detalii la nr tel -07******65
Preluare leasing cu avans de 9.900
26 rămase \450 euro +TVA
Accept variante!"
tesla,Model 3,23 100 €,N/A,306 CP,Electric,Berlina,121 000 km,Albastru,N/A,Automata,"Tesla model 3 standard plus , 121000km stare foarte buna septembrie 2020 garanție 8 ani"
tesla,Model Y,33 000 €,N/A,299 CP,Electric,SUV,75 000 km,Alb,2023,Automata,Vand autoturism Tesla model Y tractiune spate interior negru premium 5 locuri cumparata de noua din Romania in Iunie 2023 masina este in garantie Baterie si motor pana in 2031 sau 160000km pretul e 33000 euro negociabil sau schimb cu parcela teren sau casa eventual platesc si diferenta
tesla,Model Y,42 999 €,N/A,350 CP,Electric,SUV,32 000 km,Negru,2024,Automata,"Tesla Model Y an 2024 luna Mai  Long Range tracțiune spate model cu pompa de caldura
- culoare neagra
- garanție 80000 km sau 4 ani la tot
-garanție baterie și motor 192000 km sau 8 ani
- Km 29900
- Jante 19 inch
Are toate actualizarile la zi !
Se accepta orice fel de test.
A fost incarcata in mare parte ciclu cotidian si in regim de casa incarcare lenta
De 3 ori la fast - charge verificabil in aplicatie
Se elibereaza certificat fiscal
In momentul vizionarii se va prezenta in stadiul in care se afla."
tesla,Model S,Schimb,N/A,N/A,Electric,Berlina,143 000 km,Gri,2019,Automata,"schimb cu Corvette C7 sau Camper !
astept oferte pt schimb cu poze sau link anunt
pt cash 32.000 euro  usor negociabil !
Tesla Model S LONG RANGE RAVEN
stare perfecta functionare , optic ireprosabil , masina merge ca si una noua !
modelul cu GARANTIE FARA LIMITA DE KM pana in Decembrie 2027  !
BATERIE NOUA SCHIMBATA LA TESLA - RANGE 605 KM !!!
FULL SELF DRIVE ACTIVAT - OPTIUNE 7000 EURO - AUTOPILOT 3.0
faruri schimbate , planetare schimbate, brate schimbate , baterie noua - masina nu necesita nici o investitie !!!
doua randuri de jante vara/iarna
toate optiunile !
Pachet vreme rece - volan incalzit, stergatoare incalzite, scaune si bancheta spate incalzite,
optiunea biohazard activa , aplicatie si control full de la distanta
Premium Connectivity
Sistem de sunet premium
Full self Drive
Internet LTE permanent si gratuit
Spotify, Tidal, Youtube, Netflix
Suspensie Adaptiva - Generatia Noua de suspensie !
Decembrie 2019
143.000 km
VIN este in poza pentru orice tip de verificare
persoana fizica"
tesla,Model Y,22 800 €,N/A,N/A,Electric,Berlina,50 900 km,Gri,2024,Automata,"Tesla Model Y avariat
Dual Motor Long Range
Prima inmatriculare 10.2024
Motor baterie ok. Ofer video cu masina ca se deplaseaza fata spate.
Auto este inmatriculat RO.
Pretul include TVA si este deductibil.
Se factureaza in RON la cursul BRD.
Masina se poate viziona in baza unei programari."
tesla,Model S,Schimb,N/A,539 CP,Electric,Berlina,N/A,N/A,2019,Automata,"Tesla model S 75  Facelift
Seria Win se poate vedea in poze !
2018.10
Accept unele schimburi 23.900€
•Autopilot
•170.000km  reali
•539’cp
•Dual motor 4x4
•Panoramic
•Faruri matrix
•Ceasuri plasma
•Climatronic digital
•Interior Full electric
•Incalzire scaune fata spate
•Incalzire volan
•Plafon negru
•Soft close portbagaj
•Keyless go
•keyless entry
•Camere 360
•Jocuri / you tube spotify etc
•Sistem muzica
•Distronic plus(urmareste si mentine distanta constanta fata de masina din fata) + vireaza singura
•Park assist(parcheaza singura)
•Lane assist(mentine banda de rulare)
•Side assist(asistena unghiul mort)
•Sign assist (citeste semnele de circulatie si restrictiile)
•Pedestrain alert
•Driving assistant plus
•Braking Guard (franeaza singura pentru evitarea unui impact)
•Suspensie pneumatica
•Navigatie mare 3D
•Asistenta faza lunga
•Camera recunoastere pietoni
•Oglinzi electrice pliabile
•Senzori parcare fata/spate
•Geamuri fumurii din fabrica cu protectie UV
•Ambient Light Carpet Design
•Culoare deosebita
•Jante 19
Etc
Toate reviziile la zi , accept orice test !!
Fiscal pe loc !"
tesla,Model Y,41 000 €,N/A,515 CP,Electric,SUV,58 000 km,Alta culoare,2023,Automata,"Vand Tesla MYLR, dual motor, tractiune integrala ,multiple îmbunătățiri:
Cotiera Carbon
Lumini ambientale
Praguri interioare carbon
Plafon cu folie sunscreen
Colantata Cameleon purple green
Tapiterie alcantara
Carlig remorcare"
tesla,Model 3,23 400 €,N/A,306 CP,Electric,Berlina,116 000 km,Alb,2020,Automata,Tesla model 3 - prima înmatriculare martie 2020
tesla,Model 3,38 000 €,N/A,N/A,N/A,Berlina,N/A,N/A,N/A,Automata,"Vand tesla Long range prima înmatriculare 26.07.2024
Culoare deosebita
cui Tractare
Jante fara zgârieturi, impecabile.
Garanție 192.000 km sau 8 ani
Portbagaj incarcare schimbat pe garanție sapt trecuta la tesla , am factura."
